distance,radialVelocity,solutionVelocity,solutionAngle,robustness
0.00000,-4.00000,7.55000,58.50000,1.70973
0.15000,-0.50000,6.45000,84.50000,1.47197
0.30000,-3.00000,7.25000,62.50000,1.70924
0.45000,-3.50000,7.55000,58.50000,1.79901
0.45000,-1.50000,6.75000,72.50000,1.68243
0.60000,-2.00000,6.95000,67.50000,1.69918
0.75000,-0.50000,6.60000,77.00000,1.74539
0.90000,-1.00000,6.75000,72.50000,1.83247
1.05000,-3.50000,7.95000,54.00000,2.04363
1.05000,0.50000,6.50000,84.00000,1.86495
1.20000,-4.00000,8.40000,50.00000,2.17053
1.20000,0.00000,6.60000,77.00000,1.94877
1.35000,-2.50000,7.60000,58.00000,2.21364
1.35000,-0.50000,6.75000,72.50000,2.04532
1.50000,-1.00000,7.00000,67.00000,2.23106
1.65000,-1.50000,7.30000,62.00000,2.39083
1.65000,0.50000,6.60000,78.00000,2.21135
1.80000,-4.00000,8.90000,46.50000,2.59854
1.80000,0.50000,6.65000,76.50000,2.36310
1.95000,-4.00000,9.05000,45.50000,2.71910
1.95000,0.50000,6.70000,75.00000,2.50743
2.10000,-2.50000,8.15000,52.50000,2.81685
2.10000,1.50000,6.55000,82.00000,2.55572
2.25000,-3.00000,8.55000,49.00000,2.88226
2.25000,1.50000,6.55000,80.00000,2.66291
2.40000,-4.00000,9.40000,43.50000,3.05801
2.40000,0.00000,7.05000,66.50000,2.99196
2.55000,-2.00000,8.15000,52.50000,3.15902
2.55000,1.50000,6.65000,77.50000,3.00695
2.70000,-3.00000,8.95000,46.50000,3.34636
2.70000,1.00000,6.85000,72.50000,3.24787
2.70000,3.00000,6.50000,89.00000,2.94846
2.85000,-1.50000,8.10000,53.00000,3.48860
2.85000,2.50000,6.55000,83.00000,3.21301
3.00000,-1.50000,8.20000,52.00000,3.62672
3.00000,2.50000,6.60000,82.00000,3.38045
3.15000,-4.00000,10.05000,40.50000,3.77625
3.15000,0.50000,7.25000,65.00000,3.77857
3.15000,2.50000,6.65000,80.50000,3.58840
3.30000,-2.00000,8.75000,48.00000,3.91466
3.30000,1.00000,7.10000,66.50000,3.91294
3.45000,-4.00000,10.30000,39.50000,4.06964
3.45000,0.00000,7.65000,59.00000,4.07904
3.45000,4.00000,6.50000,89.50000,3.76164
3.60000,-0.50000,8.05000,54.50000,4.26469
3.60000,3.50000,6.65000,85.50000,3.94509
3.75000,-3.00000,9.80000,42.50000,4.38186
3.75000,1.00000,7.35000,64.00000,4.37230
3.75000,3.50000,6.70000,84.50000,4.13181
3.90000,-1.50000,8.85000,48.50000,4.50275
3.90000,2.50000,6.90000,74.50000,4.44144
4.05000,-4.00000,10.80000,38.00000,4.70767
4.05000,0.00000,8.05000,55.50000,4.69197
4.05000,4.00000,6.70000,86.00000,4.37990
4.20000,-2.50000,9.80000,43.00000,4.83460
4.20000,1.50000,7.40000,65.00000,4.86030
4.35000,-3.00000,10.25000,41.00000,4.98060
4.35000,-1.00000,8.90000,48.00000,4.97483
4.35000,3.00000,6.95000,75.50000,4.88202
4.50000,-1.50000,9.35000,45.50000,5.11452
4.50000,2.50000,7.15000,70.50000,5.08499
4.65000,-4.00000,11.30000,37.00000,5.43384
4.65000,0.00000,8.45000,52.50000,5.25736
4.65000,4.00000,6.85000,81.50000,5.07275
4.80000,-2.50000,10.30000,40.50000,5.42362
4.80000,1.50000,7.75000,60.50000,5.48946
4.95000,-3.50000,11.10000,38.00000,5.65149
4.95000,-2.00000,10.05000,42.00000,5.56075
4.95000,2.00000,7.60000,63.00000,5.64055
5.10000,-2.00000,10.10000,42.50000,5.70504
5.10000,0.50000,8.45000,53.00000,5.68536
5.25000,-4.00000,11.80000,35.50000,6.07650
5.25000,0.00000,8.85000,50.50000,5.84271
5.25000,2.00000,7.75000,61.50000,5.90457
5.40000,-2.50000,10.70000,40.00000,6.04563
5.40000,1.50000,8.05000,58.50000,6.00052
5.40000,3.50000,7.20000,71.50000,5.95980
5.55000,-1.00000,9.75000,44.50000,6.10246
5.55000,1.50000,8.15000,57.00000,6.12405
5.70000,-3.50000,11.75000,36.00000,6.49734
5.70000,0.50000,8.85000,50.50000,6.23312
5.85000,-4.00000,12.25000,34.50000,6.73000
5.85000,-2.00000,10.70000,40.00000,6.44667
5.85000,2.00000,8.05000,59.50000,6.43418
6.00000,-2.50000,11.20000,38.50000,6.73150
6.00000,1.50000,8.45000,54.00000,6.54286
6.15000,-3.00000,11.65000,37.00000,6.90978
6.15000,-1.00000,10.20000,42.50000,6.67991
6.15000,3.00000,7.75000,63.50000,6.72517
6.30000,-1.50000,10.60000,41.50000,6.89682
6.30000,1.00000,8.90000,51.50000,6.79666
6.45000,-4.00000,12.55000,35.00000,7.47539
6.45000,0.00000,9.65000,46.50000,6.93863
6.45000,2.00000,8.45000,54.50000,6.97133
6.60000,-2.50000,11.60000,37.50000,7.31764
6.60000,1.50000,8.80000,52.50000,7.07109
6.75000,-3.00000,12.10000,36.00000,7.58736
6.75000,-1.00000,10.60000,41.50000,7.27702
6.75000,3.00000,8.05000,61.00000,7.26158
6.90000,-1.50000,11.05000,40.00000,7.51064
6.90000,2.50000,8.40000,57.00000,7.38199
7.05000,-2.00000,11.55000,38.00000,7.72110
7.05000,0.00000,10.15000,43.50000,7.51032
7.05000,4.00000,7.75000,65.50000,7.52670
7.20000,-0.50000,10.50000,43.00000,7.72921
7.20000,1.50000,9.20000,50.00000,7.60803
7.35000,-3.00000,12.55000,35.00000,8.27283
7.35000,1.00000,9.65000,47.00000,7.75996
7.35000,3.00000,8.40000,57.00000,7.76663
7.50000,-2.50000,12.20000,36.50000,8.31850
7.50000,0.50000,10.10000,44.50000,7.92180
7.65000,-4.00000,13.55000,32.50000,8.86671
7.65000,0.00000,10.50000,43.00000,8.09402
7.65000,2.00000,9.20000,50.00000,8.00107
7.80000,-2.50000,12.50000,35.50000,8.70318
7.80000,0.00000,10.65000,42.00000,8.23636
7.80000,3.50000,8.40000,57.50000,8.18074
7.95000,-1.00000,11.45000,39.00000,8.51351
7.95000,1.00000,10.00000,46.00000,8.31188
0.00000,-2.00000,6.70000,73.50000,1.52082
0.15000,-4.00000,7.70000,56.50000,1.70996
0.15000,0.00000,6.45000,87.50000,1.57059
0.30000,-3.50000,7.50000,59.00000,1.73969
0.30000,-2.00000,6.85000,70.00000,1.66112
0.45000,-2.50000,7.10000,65.00000,1.73584
0.45000,-0.50000,6.50000,81.50000,1.56238
0.60000,-0.50000,6.55000,79.00000,1.65044
0.75000,-3.00000,7.50000,59.00000,1.87779
0.90000,-0.50000,6.60000,77.00000,1.74539
1.05000,-3.00000,7.75000,56.00000,2.07100
1.05000,1.00000,6.45000,88.50000,1.76058
1.20000,-3.50000,8.05000,53.00000,2.11024
1.20000,0.50000,6.50000,82.50000,1.87158
1.35000,-1.50000,7.15000,64.00000,2.15371
1.35000,0.50000,6.55000,81.00000,2.04732
1.50000,-4.00000,8.60000,48.50000,2.33095
1.50000,0.50000,6.55000,79.50000,2.05110
1.65000,-0.50000,6.90000,69.00000,2.33899
1.65000,2.00000,6.45000,89.50000,2.13833
1.80000,-3.50000,8.55000,49.00000,2.57768
1.80000,1.00000,6.55000,80.50000,2.30796
1.95000,-0.50000,7.05000,66.00000,2.62153
1.95000,1.50000,6.50000,83.50000,2.35228
2.10000,-3.00000,8.45000,50.00000,2.82079
2.10000,1.00000,6.60000,77.50000,2.53456
2.25000,-3.50000,8.90000,46.50000,2.89881
2.25000,0.50000,6.80000,72.00000,2.78178
2.40000,-3.50000,9.05000,45.50000,3.04377
2.40000,0.50000,6.85000,70.50000,2.91880
2.55000,-4.00000,9.50000,43.00000,3.16507
2.55000,-0.50000,7.35000,61.50000,3.16827
2.55000,2.00000,6.55000,81.50000,2.93955
2.70000,-1.50000,8.00000,54.00000,3.35492
2.70000,2.50000,6.55000,85.00000,3.04067
2.85000,-0.50000,7.55000,59.50000,3.50670
2.85000,3.50000,6.45000,89.50000,3.27149
3.00000,-1.00000,7.90000,55.00000,3.62837
3.00000,3.00000,6.50000,85.50000,3.32543
3.15000,-3.50000,9.70000,42.00000,3.77619
3.15000,0.00000,7.50000,60.50000,3.83175
3.15000,2.00000,6.75000,76.50000,3.64557
3.30000,-2.50000,9.10000,45.50000,3.91963
3.30000,1.50000,6.95000,71.50000,3.86507
3.30000,4.00000,6.50000,89.50000,3.76164
3.45000,-0.50000,7.95000,55.50000,4.12001
3.45000,3.00000,6.65000,82.00000,3.86974
3.60000,-1.00000,8.35000,51.50000,4.25496
3.60000,2.50000,6.80000,77.00000,4.10731
3.75000,-4.00000,10.55000,39.00000,4.42364
3.75000,0.00000,7.85000,57.00000,4.39221
3.75000,2.50000,6.85000,76.00000,4.26165
3.90000,-2.50000,9.55000,44.00000,4.51246
3.90000,1.50000,7.25000,67.50000,4.55392
3.90000,3.50000,6.70000,82.50000,4.31717
4.05000,-0.50000,8.35000,52.00000,4.68602
4.05000,3.00000,6.85000,78.00000,4.53710
4.20000,-3.00000,10.20000,40.50000,4.84137
4.20000,1.00000,7.65000,60.50000,4.90829
4.35000,-3.50000,10.65000,39.00000,4.99685
4.35000,-2.00000,9.55000,44.50000,4.95922
4.35000,2.00000,7.25000,67.00000,4.96897
4.50000,-2.00000,9.70000,43.50000,5.11749
4.50000,2.00000,7.35000,67.00000,5.15093
4.50000,3.50000,6.85000,77.50000,4.99852
4.65000,-1.50000,9.45000,45.00000,5.24068
4.65000,2.50000,7.20000,68.50000,5.25817
4.80000,-4.00000,11.40000,36.50000,5.52387
4.80000,0.00000,8.55000,52.00000,5.40342
4.80000,4.00000,6.90000,80.50000,5.24965
4.95000,-2.50000,10.40000,40.50000,5.57517
4.95000,1.50000,7.80000,60.00000,5.57206
5.10000,-3.00000,10.85000,39.00000,5.75918
5.10000,-1.00000,9.45000,45.50000,5.68576
5.10000,3.00000,7.25000,70.50000,5.68143
5.25000,-1.50000,9.85000,44.00000,5.83723
5.25000,0.50000,8.55000,52.50000,5.83068
5.40000,-4.00000,11.90000,35.50000,6.26118
5.40000,0.00000,9.00000,48.50000,5.97821
5.40000,2.00000,7.80000,61.50000,5.99962
5.55000,-2.50000,10.85000,39.50000,6.24267
5.55000,0.00000,9.10000,48.00000,6.10839
5.70000,-4.00000,12.10000,35.00000,6.53970
5.70000,0.00000,9.20000,48.00000,6.26005
5.70000,4.00000,7.20000,74.50000,6.22855
5.85000,-2.50000,11.05000,39.00000,6.53633
5.85000,1.50000,8.35000,55.00000,6.40559
6.00000,-3.00000,11.60000,37.00000,6.81225
6.00000,1.00000,8.75000,51.50000,6.52540
6.15000,-3.50000,12.05000,35.50000,6.96785
6.15000,-1.50000,10.55000,41.00000,6.71482
6.15000,2.50000,8.00000,59.50000,6.73066
6.30000,-2.00000,11.00000,39.50000,6.92539
6.30000,0.00000,9.60000,46.00000,6.78560
6.30000,4.00000,7.40000,68.50000,6.86030
6.45000,-0.50000,10.00000,44.50000,6.96354
6.45000,1.00000,9.05000,50.00000,6.94499
6.60000,-3.50000,12.45000,34.50000,7.54761
6.60000,0.50000,9.45000,47.50000,7.05462
6.75000,-4.00000,12.90000,33.50000,7.77844
6.75000,-2.00000,11.35000,38.50000,7.42301
6.75000,2.00000,8.60000,54.50000,7.22346
6.90000,-2.50000,11.85000,37.00000,7.71188
6.90000,1.50000,9.05000,50.00000,7.35488
7.05000,-3.00000,12.35000,35.50000,7.97936
7.05000,-1.00000,10.80000,41.00000,7.58317
7.05000,3.00000,8.25000,57.50000,7.53298
7.20000,-1.50000,11.25000,39.50000,7.81622
7.20000,0.50000,9.90000,45.00000,7.62010
7.35000,-4.00000,13.25000,33.50000,8.50429
7.35000,-0.50000,10.65000,42.00000,7.84416
7.35000,2.00000,9.00000,51.50000,7.75154
7.50000,-4.00000,13.40000,33.00000,8.67756
7.50000,-0.50000,10.85000,40.50000,8.02444
7.50000,3.50000,8.25000,58.50000,7.95266
7.65000,-1.00000,11.20000,40.00000,8.20013
7.65000,1.00000,9.85000,46.00000,8.02167
7.80000,-3.50000,13.25000,33.50000,8.92916
7.80000,-1.50000,11.75000,38.00000,8.52346
7.80000,2.50000,9.00000,51.50000,8.15381
7.95000,-2.00000,12.20000,36.50000,8.72228
7.95000,0.00000,10.65000,43.00000,8.41111
7.95000,4.00000,8.20000,61.00000,8.32400
0.00000,-0.50000,6.45000,84.50000,1.47197
0.15000,-3.50000,7.35000,61.00000,1.66229
0.30000,-2.50000,7.05000,66.00000,1.71819
0.45000,-3.00000,7.35000,61.00000,1.76693
0.45000,-1.00000,6.60000,77.00000,1.60769
0.60000,-1.50000,6.80000,71.00000,1.71378
0.75000,-4.00000,8.05000,53.00000,1.92662
0.75000,0.00000,6.50000,81.50000,1.68618
0.90000,-3.50000,7.85000,55.00000,1.96773
0.90000,0.50000,6.45000,85.50000,1.67083
1.05000,-2.50000,7.50000,59.00000,2.07334
1.20000,-3.00000,7.80000,55.50000,2.12298
1.20000,1.00000,6.45000,87.00000,1.80927
1.35000,-2.00000,7.35000,61.00000,2.15078
1.35000,0.00000,6.65000,75.50000,2.07959
1.50000,-0.50000,6.80000,71.00000,2.13264
1.65000,-1.00000,7.10000,65.00000,2.37733
1.65000,1.50000,6.45000,86.50000,2.05794
1.80000,-3.00000,8.20000,52.00000,2.56442
1.80000,0.00000,6.80000,71.50000,2.44301
1.95000,-3.50000,8.65000,48.50000,2.72256
1.95000,0.00000,6.85000,70.00000,2.55575
1.95000,2.00000,6.45000,87.50000,2.28453
2.10000,-2.00000,7.85000,55.50000,2.80929
2.10000,2.00000,6.45000,86.00000,2.39917
2.25000,-2.50000,8.25000,51.50000,2.90899
2.25000,1.00000,6.65000,76.00000,2.70485
2.40000,-3.00000,8.70000,48.00000,3.05355
2.40000,1.00000,6.70000,74.50000,2.87131
2.55000,-3.50000,9.15000,45.00000,3.16361
2.55000,0.00000,7.15000,65.00000,3.19346
2.55000,2.50000,6.50000,86.00000,2.85877
2.70000,-2.50000,8.60000,48.50000,3.29858
2.70000,1.50000,6.70000,76.00000,3.18581
2.85000,-4.00000,9.80000,41.50000,3.48166
2.85000,0.00000,7.30000,63.00000,3.47817
3.00000,-0.50000,7.65000,58.00000,3.66760
3.00000,3.50000,6.45000,89.50000,3.27149
3.15000,-3.00000,9.30000,44.50000,3.74680
3.15000,1.00000,7.05000,68.50000,3.74567
3.15000,3.00000,6.55000,84.50000,3.48536
3.30000,-1.50000,8.40000,51.50000,3.93145
3.30000,2.50000,6.70000,79.50000,3.75296
3.30000,3.50000,6.55000,87.50000,3.58420
3.45000,-1.00000,8.20000,53.50000,4.08027
3.45000,3.50000,6.60000,86.50000,3.76161
3.60000,-1.50000,8.65000,49.00000,4.21911
3.60000,2.00000,6.90000,72.00000,4.18320
3.75000,-3.50000,10.20000,40.00000,4.38659
3.75000,0.50000,7.60000,60.50000,4.41026
3.75000,3.00000,6.75000,80.00000,4.20651
3.90000,-2.00000,9.20000,46.00000,4.50138
3.90000,2.00000,7.05000,70.50000,4.49337
3.90000,4.00000,6.65000,87.00000,4.19348
4.05000,-1.50000,9.00000,47.00000,4.66555
4.05000,2.50000,6.95000,73.00000,4.61802
4.20000,-4.00000,10.90000,38.00000,4.88304
4.20000,0.50000,7.90000,57.50000,4.89112
4.20000,4.00000,6.75000,85.00000,4.56937
4.35000,-2.50000,9.90000,42.50000,4.94863
4.35000,1.50000,7.50000,63.50000,5.05078
4.50000,-3.00000,10.45000,39.50000,5.15876
4.50000,0.50000,8.05000,56.00000,5.11471
4.50000,3.00000,7.00000,74.50000,5.03185
4.65000,-1.00000,9.10000,47.50000,5.24995
4.65000,3.50000,6.95000,77.50000,5.16256
4.80000,-3.50000,11.05000,37.50000,5.48969
4.80000,0.50000,8.25000,54.50000,5.40588
4.95000,-4.00000,11.50000,36.50000,5.70922
4.95000,-1.50000,9.65000,44.50000,5.52912
4.95000,2.50000,7.35000,67.00000,5.55461
5.10000,-2.50000,10.45000,41.00000,5.74773
5.10000,0.00000,8.75000,51.00000,5.69674
5.10000,4.00000,6.95000,77.50000,5.57675
5.25000,-0.50000,9.20000,47.50000,5.82066
5.25000,1.00000,8.25000,55.50000,5.84562
5.40000,-3.50000,11.55000,36.50000,6.21437
5.40000,1.00000,8.35000,54.50000,5.98069
5.40000,3.00000,7.40000,69.00000,6.02277
5.55000,-1.50000,10.15000,42.00000,6.14271
5.55000,0.50000,8.75000,51.00000,6.09340
5.55000,4.00000,7.10000,74.00000,6.07592
5.70000,-0.50000,9.55000,45.50000,6.25915
5.70000,3.50000,7.35000,71.00000,6.27248
5.85000,-3.00000,11.45000,37.50000,6.62190
5.85000,1.00000,8.65000,52.00000,6.38633
6.00000,-3.50000,12.00000,35.50000,6.87384
6.00000,0.50000,9.05000,49.50000,6.51150
6.15000,-4.00000,12.50000,34.00000,7.10870
6.15000,-2.00000,10.90000,40.00000,6.82548
6.15000,2.00000,8.25000,56.50000,6.68849
6.30000,-2.50000,11.40000,38.00000,7.02438
6.30000,-0.50000,9.95000,44.00000,6.80352
6.30000,3.50000,7.60000,66.50000,6.83761
6.45000,-1.00000,10.40000,42.00000,6.97509
6.45000,1.50000,8.75000,52.00000,6.95634
6.60000,-3.00000,12.00000,36.00000,7.39121
6.60000,1.00000,9.15000,49.50000,7.08387
6.75000,-3.50000,12.55000,34.50000,7.73761
6.75000,-1.50000,11.05000,39.00000,7.37500
6.75000,2.50000,8.35000,56.00000,7.25584
6.90000,-2.00000,11.50000,38.00000,7.62379
6.90000,2.00000,8.70000,53.50000,7.34422
7.05000,-2.50000,11.95000,36.50000,7.80944
7.05000,-0.50000,10.45000,42.50000,7.53269
7.05000,3.50000,8.00000,61.00000,7.56166
7.20000,-1.00000,10.90000,41.00000,7.78693
7.20000,1.00000,9.55000,47.50000,7.62739
7.35000,-3.50000,12.95000,34.00000,8.42974
7.35000,0.50000,9.95000,45.50000,7.76477
7.35000,2.50000,8.70000,54.00000,7.76582
7.50000,-3.50000,12.95000,34.50000,8.57193
7.50000,0.00000,10.35000,44.00000,7.97024
7.50000,4.00000,8.00000,62.00000,7.97183
7.65000,-0.50000,10.85000,41.50000,8.15838
7.65000,1.50000,9.50000,48.50000,8.02372
7.80000,-3.00000,12.85000,34.50000,8.77188
7.80000,-1.00000,11.35000,39.50000,8.40607
7.80000,3.00000,8.65000,55.50000,8.15230
7.95000,-1.50000,11.80000,38.00000,8.62564
7.95000,0.50000,10.35000,44.00000,8.33374
0.00000,-3.50000,7.35000,61.00000,1.66229
0.15000,-1.50000,6.65000,75.00000,1.54495
0.45000,0.00000,6.45000,85.00000,1.54757
0.60000,-4.00000,7.95000,54.00000,1.87814
0.60000,0.00000,6.50000,83.00000,1.71249
0.75000,-2.50000,7.25000,62.50000,1.84653
0.90000,-3.00000,7.60000,58.00000,2.00707
0.90000,1.00000,6.45000,89.50000,1.72641
1.05000,-1.00000,6.80000,71.00000,1.89142
1.20000,-1.50000,7.05000,66.00000,2.05017
1.35000,-4.00000,8.50000,49.50000,2.32640
1.50000,-2.50000,7.70000,57.00000,2.34326
1.50000,1.50000,6.45000,88.00000,1.97847
1.65000,-3.00000,8.10000,53.00000,2.49292
1.80000,-1.50000,7.40000,60.50000,2.51791
1.95000,-2.00000,7.75000,56.50000,2.68225
2.10000,-0.50000,7.10000,65.00000,2.71293
2.25000,-1.00000,7.40000,60.50000,2.85959
2.40000,-1.50000,7.75000,56.50000,3.01523
2.40000,2.50000,6.45000,87.00000,2.68290
2.55000,-1.50000,7.90000,55.00000,3.22162
2.70000,-4.00000,9.65000,42.00000,3.29144
2.70000,0.00000,7.20000,64.50000,3.29028
2.85000,-2.50000,8.70000,48.50000,3.47216
2.85000,1.50000,6.75000,74.50000,3.36113
3.00000,-3.00000,9.20000,44.50000,3.60941
3.00000,1.00000,6.95000,69.00000,3.56630
3.15000,-1.50000,8.30000,51.50000,3.75952
3.30000,-4.00000,10.20000,39.50000,3.93754
3.30000,0.00000,7.60000,59.50000,3.99787
3.45000,-2.50000,9.20000,45.50000,4.06296
3.45000,1.50000,7.00000,69.50000,4.04099
3.60000,-3.00000,9.70000,42.50000,4.22060
3.60000,1.50000,7.10000,69.50000,4.21910
3.75000,-1.00000,8.45000,51.00000,4.38716
3.90000,-3.50000,10.30000,40.00000,4.53156
3.90000,0.00000,7.95000,56.00000,4.54301
4.05000,-2.00000,9.35000,45.00000,4.67201
4.05000,1.50000,7.30000,65.50000,4.67404
4.20000,-0.50000,8.45000,51.50000,4.81771
4.20000,3.50000,6.80000,80.50000,4.66104
4.35000,1.00000,7.70000,60.00000,4.99132
4.50000,-3.50000,10.75000,39.00000,5.18173
4.50000,1.00000,7.80000,59.00000,5.15382
4.65000,-2.00000,9.80000,43.00000,5.24020
4.65000,2.00000,7.40000,65.50000,5.26050
4.80000,-0.50000,8.90000,48.50000,5.41171
4.80000,3.50000,7.00000,76.50000,5.32240
4.95000,1.00000,8.05000,57.50000,5.56391
5.10000,-3.50000,11.25000,37.50000,5.83700
5.10000,2.50000,7.45000,66.50000,5.74851
5.25000,-2.00000,10.25000,41.50000,5.84081
5.25000,4.00000,7.05000,77.50000,5.76015
5.40000,-0.50000,9.30000,47.00000,5.95212
5.55000,-3.00000,11.20000,38.00000,6.23766
5.55000,3.00000,7.45000,67.50000,6.13691
5.70000,-1.50000,10.20000,42.50000,6.27902
5.70000,2.50000,7.75000,62.50000,6.31693
5.85000,0.00000,9.30000,47.50000,6.39298
5.85000,4.00000,7.25000,73.50000,6.37362
6.00000,-1.50000,10.40000,42.00000,6.58630
6.00000,3.00000,7.70000,64.00000,6.63349
6.15000,0.00000,9.50000,46.50000,6.65560
6.30000,-4.00000,12.60000,34.00000,7.29604
6.30000,2.00000,8.35000,55.50000,6.83090
6.45000,-2.50000,11.55000,37.50000,7.22020
6.45000,3.50000,7.70000,65.00000,7.03436
6.60000,-0.50000,10.15000,43.50000,7.10530
6.60000,3.50000,7.75000,64.50000,7.12896
6.75000,0.00000,9.90000,45.00000,7.21942
6.75000,4.00000,7.65000,67.00000,7.32853
6.90000,-0.50000,10.30000,43.50000,7.40384
6.90000,3.50000,7.90000,62.50000,7.39564
7.05000,1.00000,9.45000,48.00000,7.49349
7.20000,-3.50000,12.85000,34.00000,8.22753
7.20000,2.50000,8.60000,55.00000,7.64137
7.35000,-2.00000,11.80000,37.50000,8.12020
7.50000,-3.00000,12.70000,34.50000,8.47312
7.50000,2.00000,9.10000,51.00000,7.89473
7.65000,-3.00000,12.65000,35.50000,8.61938
7.65000,3.50000,8.30000,59.00000,8.05437
7.80000,1.00000,9.95000,45.50000,8.15177
7.95000,-3.50000,13.40000,33.00000,9.12854
7.95000,2.50000,9.05000,52.00000,8.26781
0.00000,-1.50000,6.60000,77.00000,1.53519
0.15000,-2.50000,6.95000,67.50000,1.58500
0.30000,0.00000,6.45000,86.00000,1.55826
0.45000,-4.00000,7.85000,55.00000,1.81907
0.60000,-2.50000,7.15000,64.00000,1.74811
0.75000,-1.00000,6.70000,73.50000,1.72775
0.90000,-1.50000,6.90000,69.00000,1.86416
1.05000,0.00000,6.55000,79.00000,1.81900
1.20000,-0.50000,6.70000,73.50000,1.92877
1.35000,-3.00000,7.90000,54.50000,2.21992
1.50000,-1.50000,7.20000,63.50000,2.25374
1.65000,-2.00000,7.55000,58.50000,2.40291
1.80000,-0.50000,6.95000,68.00000,2.43592
1.95000,-1.00000,7.25000,63.00000,2.64331
2.10000,-3.50000,8.80000,47.00000,2.77054
2.10000,0.50000,6.75000,73.50000,2.64608
2.25000,-0.50000,7.20000,63.50000,2.89964
2.40000,-1.00000,7.50000,59.50000,3.02662
2.55000,-1.00000,7.60000,58.00000,3.17442
2.70000,-0.50000,7.45000,60.50000,3.34004
2.85000,-3.00000,9.05000,46.00000,3.47173
2.85000,1.00000,6.90000,70.50000,3.40953
3.00000,-3.50000,9.55000,43.00000,3.62294
3.00000,0.50000,7.15000,65.50000,3.59107
3.15000,-2.00000,8.65000,48.50000,3.78828
3.30000,-0.50000,7.85000,56.50000,3.97342
3.45000,-3.00000,9.55000,43.50000,4.06681
3.45000,1.00000,7.20000,66.50000,4.06628
3.60000,-3.50000,10.05000,41.00000,4.23244
3.60000,0.50000,7.50000,61.50000,4.23887
3.75000,-2.00000,9.10000,46.00000,4.35448
3.75000,4.00000,6.65000,88.50000,4.02928
3.90000,-0.50000,8.25000,53.00000,4.54540
4.05000,-3.00000,10.05000,41.50000,4.69090
4.05000,1.00000,7.55000,62.00000,4.73493
4.20000,-1.50000,9.10000,47.00000,4.81202
4.20000,2.50000,7.05000,73.50000,4.78802
4.35000,0.00000,8.25000,53.50000,4.97434
4.35000,4.00000,6.75000,83.50000,4.71521
4.50000,-0.50000,8.65000,50.50000,5.09052
4.65000,-3.00000,10.50000,40.00000,5.27916
4.65000,1.00000,7.90000,58.00000,5.31167
4.80000,-1.50000,9.55000,45.00000,5.40646
4.80000,3.00000,7.10000,71.50000,5.37312
4.95000,0.50000,8.35000,53.50000,5.54298
5.10000,-4.00000,11.65000,36.00000,5.89036
5.10000,2.00000,7.65000,62.50000,5.72991
5.25000,-2.50000,10.65000,39.50000,5.89182
5.25000,3.50000,7.15000,73.00000,5.79644
5.40000,-1.00000,9.65000,45.00000,5.97831
5.55000,-3.50000,11.60000,36.50000,6.30567
5.55000,2.50000,7.65000,63.50000,6.13714
5.70000,-2.50000,10.95000,39.00000,6.34579
5.70000,2.00000,8.00000,58.50000,6.31018
5.85000,-0.50000,9.65000,45.00000,6.38778
5.85000,3.50000,7.40000,69.00000,6.41368
6.00000,-1.00000,10.05000,43.50000,6.52814
6.00000,2.50000,7.90000,60.50000,6.56928
6.15000,0.50000,9.15000,49.00000,6.64921
6.15000,4.00000,7.35000,70.50000,6.68223
6.30000,1.50000,8.60000,54.00000,6.80504
6.45000,-3.00000,11.95000,36.00000,7.29667
6.45000,3.00000,7.90000,61.50000,6.98425
6.60000,-1.50000,10.85000,40.50000,7.20548
6.60000,2.50000,8.25000,57.00000,7.11089
6.75000,0.50000,9.60000,46.50000,7.22983
6.90000,-4.00000,13.00000,33.50000,7.97800
6.90000,0.00000,10.05000,44.00000,7.38249
7.05000,-4.00000,13.15000,33.00000,8.16971
7.05000,2.00000,8.80000,53.00000,7.49421
7.20000,-2.50000,12.05000,36.50000,8.00686
7.20000,3.50000,8.05000,61.50000,7.66088
7.35000,0.00000,10.35000,43.00000,7.80829
7.50000,-1.50000,11.50000,38.50000,8.11973
7.50000,2.50000,8.80000,53.00000,7.88977
7.65000,-1.50000,11.60000,38.50000,8.32132
7.65000,4.00000,8.05000,62.00000,8.06162
7.80000,1.50000,9.60000,48.00000,8.15902
7.95000,-2.50000,12.50000,36.00000,8.82727
7.95000,3.00000,8.75000,54.50000,8.27480
0.00000,-1.00000,6.50000,81.00000,1.47569
0.15000,-2.00000,6.75000,72.00000,1.53192
0.30000,-1.00000,6.55000,79.00000,1.54825
0.60000,-3.50000,7.70000,56.50000,1.83448
0.60000,0.50000,6.45000,89.00000,1.62794
0.75000,-2.00000,7.05000,66.00000,1.85468
0.90000,-2.50000,7.35000,61.00000,1.92954
1.05000,-1.50000,7.00000,67.00000,1.99304
1.20000,-2.00000,7.25000,62.50000,2.04246
1.35000,1.50000,6.45000,89.50000,1.89891
1.50000,-3.00000,8.00000,53.50000,2.30868
1.50000,1.00000,6.50000,84.00000,2.06391
1.65000,-3.50000,8.40000,50.00000,2.40741
1.65000,1.00000,6.50000,82.00000,2.12095
1.80000,-2.00000,7.65000,57.50000,2.54714
1.80000,2.00000,6.45000,89.50000,2.13833
1.95000,-2.50000,8.00000,53.50000,2.59696
2.10000,-1.00000,7.30000,62.00000,2.70589
2.25000,-1.50000,7.65000,57.50000,2.87076
2.25000,2.50000,6.45000,89.00000,2.49202
2.40000,-2.00000,8.05000,53.50000,3.04519
2.40000,2.00000,6.50000,83.00000,2.73370
2.55000,-2.50000,8.50000,49.50000,3.19471
2.70000,-1.00000,7.70000,57.00000,3.32871
2.85000,-3.50000,9.45000,43.00000,3.47477
2.85000,0.50000,7.10000,67.00000,3.47388
3.00000,-4.00000,9.95000,40.50000,3.63399
3.00000,0.00000,7.40000,62.00000,3.65850
3.15000,-2.50000,8.95000,47.00000,3.77438
3.15000,3.50000,6.55000,89.00000,3.41721
3.30000,-1.00000,8.10000,54.00000,3.92319
3.45000,-3.50000,9.95000,41.00000,4.07974
3.45000,0.50000,7.40000,62.00000,4.07849
3.60000,-4.00000,10.40000,39.50000,4.23800
3.60000,0.00000,7.75000,58.00000,4.23772
3.75000,-2.50000,9.45000,44.00000,4.35306
3.75000,2.00000,7.00000,72.50000,4.32608
3.90000,-1.00000,8.55000,50.50000,4.52256
4.05000,-3.50000,10.40000,40.00000,4.70724
4.05000,0.50000,7.80000,58.50000,4.73644
4.20000,-2.00000,9.45000,44.50000,4.79615
4.20000,2.00000,7.20000,69.00000,4.82263
4.35000,-0.50000,8.55000,51.00000,4.95303
4.35000,3.50000,6.85000,79.50000,4.83109
4.50000,-1.00000,9.00000,47.50000,5.10242
4.65000,-3.50000,10.90000,38.50000,5.36889
4.65000,0.50000,8.15000,55.50000,5.26801
4.80000,-2.00000,9.90000,43.00000,5.40445
4.80000,2.00000,7.50000,64.50000,5.45293
4.95000,-0.50000,9.00000,48.00000,5.54031
4.95000,3.50000,7.05000,75.50000,5.47761
5.10000,1.00000,8.15000,56.00000,5.68983
5.25000,-3.50000,11.40000,37.00000,6.02424
5.25000,2.50000,7.50000,65.50000,5.85109
5.40000,-2.00000,10.30000,42.00000,6.01304
5.55000,-4.00000,12.05000,35.00000,6.44679
5.55000,2.00000,7.90000,59.50000,6.15246
5.70000,-2.00000,10.55000,41.00000,6.32146
5.70000,1.50000,8.25000,56.00000,6.26673
5.85000,-1.00000,9.95000,44.00000,6.40955
5.85000,3.00000,7.60000,65.50000,6.44374
6.00000,-0.50000,9.70000,45.50000,6.51996
6.00000,3.50000,7.45000,66.50000,6.59711
6.15000,1.00000,8.85000,51.00000,6.66494
6.30000,-3.00000,11.80000,36.50000,7.10079
6.30000,2.50000,8.05000,60.50000,6.86355
6.45000,-1.50000,10.80000,40.00000,7.03979
6.45000,4.00000,7.50000,70.00000,6.99690
6.60000,-1.00000,10.45000,42.50000,7.15645
6.60000,3.00000,8.00000,60.00000,7.14827
6.75000,1.00000,9.25000,49.00000,7.22168
6.90000,-3.50000,12.60000,34.50000,7.83595
6.90000,0.50000,9.70000,46.00000,7.36012
6.90000,4.00000,7.70000,66.50000,7.42976
7.05000,1.50000,9.10000,50.50000,7.46642
7.20000,-3.00000,12.40000,35.50000,8.08178
7.20000,3.00000,8.30000,58.50000,7.64882
7.35000,-1.00000,11.00000,40.50000,7.89117
7.50000,-2.00000,11.85000,37.50000,8.22254
7.50000,1.50000,9.40000,49.00000,7.88692
7.65000,-2.50000,12.40000,35.50000,8.50513
7.65000,3.00000,8.60000,55.00000,8.03856
7.80000,0.50000,10.25000,44.50000,8.21313
7.95000,-4.00000,13.80000,32.00000,9.27335
7.95000,2.00000,9.40000,49.00000,8.27499
0.00000,-3.00000,7.10000,65.00000,1.64076
0.00000,0.00000,6.45000,89.00000,1.57753
0.15000,-3.00000,7.15000,64.00000,1.63533
0.30000,-4.00000,7.70000,56.50000,1.70996
0.30000,-1.50000,6.70000,73.50000,1.59195
0.45000,-2.00000,6.95000,67.50000,1.69918
0.45000,0.50000,6.45000,89.50000,1.61987
0.60000,-1.00000,6.65000,75.00000,1.65422
0.75000,-3.50000,7.75000,56.00000,1.88160
0.75000,0.50000,6.45000,87.50000,1.64882
0.90000,-4.00000,8.15000,52.00000,1.96540
0.90000,0.00000,6.55000,79.50000,1.82916
1.05000,-4.00000,8.30000,51.00000,2.15290
1.05000,-2.00000,7.20000,63.50000,2.01973
1.20000,-2.50000,7.50000,59.00000,2.07334
1.20000,1.50000,6.45000,89.50000,1.89891
1.35000,-1.00000,6.95000,68.00000,2.15322
1.35000,1.00000,6.45000,85.00000,1.87319
1.50000,-3.50000,8.30000,51.00000,2.36543
1.50000,0.00000,6.70000,74.00000,2.20322
1.65000,-4.00000,8.75000,47.50000,2.47041
1.65000,0.00000,6.75000,72.50000,2.32181
1.80000,-2.50000,7.90000,54.50000,2.49012
1.80000,1.50000,6.50000,85.00000,2.27871
1.95000,-3.00000,8.35000,50.50000,2.66676
1.95000,1.00000,6.60000,79.50000,2.47462
2.10000,-1.50000,7.55000,58.50000,2.71928
2.10000,2.50000,6.45000,89.50000,2.44591
2.25000,-2.00000,7.95000,54.50000,2.92951
2.25000,2.00000,6.50000,84.50000,2.61823
2.40000,-2.50000,8.35000,50.50000,3.00421
2.40000,1.50000,6.60000,79.00000,2.82292
2.55000,-3.00000,8.80000,47.50000,3.18744
2.55000,0.50000,6.95000,69.50000,3.14264
2.55000,3.00000,6.45000,89.50000,2.82310
2.70000,-2.00000,8.30000,51.00000,3.33640
2.70000,2.00000,6.60000,80.50000,3.10448
2.85000,-1.00000,7.80000,56.00000,3.47953
2.85000,3.00000,6.55000,88.00000,3.13986
3.00000,-2.00000,8.50000,50.00000,3.61438
3.00000,2.00000,6.70000,78.00000,3.46011
3.15000,-0.50000,7.75000,57.50000,3.82291
3.15000,1.50000,6.85000,71.50000,3.71457
3.30000,-3.00000,9.45000,43.50000,3.91204
3.30000,0.50000,7.35000,63.50000,3.96862
3.30000,3.00000,6.60000,83.50000,3.65289
3.45000,-1.50000,8.55000,49.50000,4.09370
3.45000,2.50000,6.75000,78.50000,3.91584
3.60000,-2.00000,8.95000,47.50000,4.20489
3.60000,1.00000,7.30000,65.50000,4.26963
3.60000,4.00000,6.60000,89.50000,3.83777
3.75000,-0.50000,8.15000,54.00000,4.40884
3.75000,1.50000,7.15000,68.00000,4.34673
3.90000,-3.00000,9.95000,41.50000,4.53008
3.90000,1.00000,7.45000,63.00000,4.55551
3.90000,3.00000,6.80000,79.00000,4.37320
4.05000,-1.00000,8.65000,50.00000,4.65975
4.05000,3.50000,6.75000,81.50000,4.48935
4.20000,-3.50000,10.60000,38.50000,4.89443
4.20000,0.00000,8.15000,54.50000,4.83328
4.35000,-4.00000,11.05000,37.50000,5.06591
4.35000,-1.50000,9.20000,46.50000,4.94077
4.35000,2.50000,7.10000,72.00000,4.93848
4.50000,-2.50000,10.05000,41.50000,5.10499
4.50000,1.50000,7.55000,63.00000,5.14287
4.50000,4.00000,6.80000,82.50000,4.89422
4.65000,-0.50000,8.75000,50.00000,5.22894
4.65000,3.00000,7.05000,73.00000,5.20376
4.80000,-3.00000,10.60000,40.00000,5.47047
4.80000,1.00000,8.00000,57.00000,5.46490
4.95000,-3.00000,10.80000,38.50000,5.61954
4.95000,-1.00000,9.30000,46.50000,5.51016
4.95000,3.00000,7.20000,72.00000,5.53968
5.10000,-1.50000,9.80000,43.50000,5.69164
5.10000,-0.50000,9.10000,48.00000,5.68819
5.10000,3.50000,7.10000,74.00000,5.65293
5.25000,-1.00000,9.55000,45.00000,5.81296
5.25000,1.50000,8.00000,58.00000,5.88908
5.40000,-3.00000,11.10000,38.50000,6.14466
5.40000,0.50000,8.65000,52.00000,5.97727
5.40000,2.50000,7.60000,64.50000,6.04468
5.55000,-2.00000,10.50000,40.50000,6.16096
5.55000,-0.50000,9.40000,46.50000,6.08222
5.55000,3.50000,7.25000,70.00000,6.12177
5.70000,-1.00000,9.90000,43.50000,6.26917
5.70000,3.00000,7.55000,66.50000,6.34486
5.85000,-3.50000,11.85000,36.00000,6.68302
5.85000,0.50000,8.95000,50.00000,6.37247
6.00000,-4.00000,12.35000,34.50000,6.91592
6.00000,0.00000,9.40000,47.00000,6.52489
6.00000,4.00000,7.30000,72.00000,6.53040
6.15000,-2.50000,11.25000,38.50000,6.83021
6.15000,1.50000,8.55000,53.50000,6.68615
6.30000,-3.50000,12.15000,35.50000,7.16279
6.30000,-1.00000,10.25000,43.00000,6.83973
6.30000,3.00000,7.85000,62.00000,6.89935
6.45000,-2.00000,11.15000,39.00000,7.12583
6.45000,0.50000,9.35000,48.00000,6.92097
6.60000,-4.00000,12.75000,34.00000,7.59327
6.60000,0.00000,9.80000,45.50000,7.09367
6.60000,4.00000,7.55000,68.50000,7.11576
6.75000,-2.50000,11.75000,37.00000,7.51402
6.75000,1.50000,8.95000,50.50000,7.22017
6.90000,-3.00000,12.25000,35.50000,7.78043
6.90000,1.00000,9.35000,48.50000,7.35834
7.05000,-3.50000,12.75000,34.00000,8.03273
7.05000,-1.50000,11.20000,39.50000,7.71332
7.05000,2.50000,8.50000,56.00000,7.51415
7.20000,-2.00000,11.70000,37.50000,7.92225
7.20000,0.00000,10.20000,44.00000,7.65800
7.20000,4.00000,7.85000,64.00000,7.71263
7.35000,-1.50000,11.40000,39.00000,8.01745
7.35000,1.50000,9.30000,49.50000,7.74805
7.35000,4.00000,7.90000,63.00000,7.80164
7.50000,-1.00000,11.15000,40.00000,8.09839
7.50000,3.00000,8.50000,56.00000,7.90443
7.65000,-2.00000,12.00000,37.00000,8.42032
7.65000,0.50000,10.20000,44.00000,8.04868
7.80000,-4.00000,13.65000,32.50000,9.07241
7.80000,-2.00000,12.15000,36.50000,8.62273
7.80000,2.00000,9.25000,50.50000,8.13337
7.95000,-3.00000,13.00000,34.00000,8.97381
7.95000,-0.50000,11.05000,41.00000,8.47357
7.95000,3.50000,8.50000,56.50000,8.32108
0.00000,-2.50000,6.90000,68.50000,1.55260
0.15000,-1.00000,6.55000,79.00000,1.54825
0.30000,-0.50000,6.50000,81.50000,1.56238
0.60000,-3.00000,7.40000,60.50000,1.84274
0.75000,-1.50000,6.85000,70.00000,1.79174
0.90000,-2.00000,7.10000,65.00000,1.88987
1.05000,-0.50000,6.65000,75.00000,1.82925
1.20000,-1.00000,6.85000,70.00000,1.98378
1.35000,-3.50000,8.20000,52.00000,2.31998
1.50000,-2.00000,7.45000,60.00000,2.31729
1.65000,-2.50000,7.80000,55.50000,2.37750
1.80000,-1.00000,7.15000,64.50000,2.48082
1.95000,-1.50000,7.50000,59.50000,2.68359
2.10000,-4.00000,9.15000,45.00000,2.83543
2.10000,0.00000,6.90000,69.00000,2.66944
2.25000,-4.00000,9.25000,44.50000,2.94807
2.25000,0.00000,7.00000,67.50000,2.88750
2.40000,-0.50000,7.25000,63.00000,2.99279
2.55000,1.00000,6.80000,74.00000,3.10408
2.70000,-3.50000,9.30000,44.00000,3.30995
2.70000,0.50000,7.00000,68.00000,3.26575
2.85000,-2.00000,8.40000,50.50000,3.47444
2.85000,2.00000,6.65000,79.00000,3.30114
3.00000,-2.50000,8.85000,47.00000,3.61036
3.00000,1.50000,6.80000,73.00000,3.53606
3.15000,-1.00000,8.00000,54.50000,3.77135
3.30000,-3.50000,9.80000,42.00000,3.93063
3.30000,2.00000,6.80000,75.00000,3.82615
3.45000,-2.00000,8.85000,48.00000,4.07238
3.45000,2.00000,6.85000,74.00000,3.97113
3.60000,-2.50000,9.35000,44.50000,4.23067
3.60000,3.00000,6.70000,81.00000,4.03819
3.75000,-1.50000,8.75000,49.00000,4.36698
3.90000,-4.00000,10.70000,38.00000,4.55783
3.90000,0.50000,7.70000,59.50000,4.57611
4.05000,-2.50000,9.70000,43.00000,4.66815
4.05000,2.00000,7.10000,69.00000,4.64873
4.20000,-1.00000,8.75000,49.50000,4.79737
4.20000,3.00000,6.90000,76.50000,4.72804
4.35000,0.50000,7.95000,57.50000,4.98087
4.50000,-4.00000,11.20000,37.00000,5.25006
4.50000,0.00000,8.35000,53.00000,5.11394
4.65000,-2.50000,10.15000,41.50000,5.26289
4.65000,1.50000,7.65000,61.50000,5.31991
4.80000,-1.00000,9.20000,47.00000,5.38074
4.80000,2.50000,7.30000,69.00000,5.42153
4.95000,0.00000,8.65000,51.50000,5.55008
4.95000,4.00000,6.90000,78.50000,5.41585
5.10000,1.50000,7.90000,59.00000,5.73342
5.25000,-3.00000,11.00000,38.50000,5.95196
5.25000,3.00000,7.30000,68.50000,5.84115
5.40000,-1.50000,10.00000,43.00000,5.97888
5.40000,4.00000,7.10000,76.50000,5.92146
5.55000,1.00000,8.45000,53.50000,6.11397
5.70000,-3.00000,11.35000,37.50000,6.43066
5.70000,1.00000,8.55000,53.00000,6.25843
5.85000,-1.50000,10.35000,41.50000,6.42398
5.85000,2.50000,7.85000,61.00000,6.48680
6.00000,-2.00000,10.75000,40.50000,6.62477
6.00000,2.00000,8.15000,58.00000,6.55947
6.15000,-0.50000,9.85000,44.50000,6.67798
6.15000,3.50000,7.55000,67.50000,6.73311
6.30000,0.50000,9.25000,48.50000,6.78585
6.45000,-3.50000,12.30000,35.00000,7.35057
6.45000,2.50000,8.15000,58.50000,6.97227
6.60000,-2.00000,11.25000,38.50000,7.23370
6.60000,2.00000,8.50000,55.50000,7.10046
6.75000,-0.50000,10.30000,42.50000,7.26406
6.75000,3.50000,7.85000,63.00000,7.30815
6.90000,-1.00000,10.70000,41.50000,7.47472
6.90000,3.00000,8.15000,59.00000,7.38619
7.05000,0.50000,9.80000,45.50000,7.49043
7.20000,-4.00000,13.10000,34.00000,8.34356
7.20000,2.00000,8.90000,52.00000,7.60794
7.35000,-2.50000,12.20000,36.00000,8.20441
7.35000,3.50000,8.15000,59.50000,7.80031
7.50000,1.00000,9.75000,46.50000,7.89115
7.65000,-3.50000,13.15000,33.50000,8.72481
7.65000,2.50000,8.85000,53.50000,8.01086
7.80000,-0.50000,11.00000,40.50000,8.28639
7.80000,4.00000,8.15000,60.00000,8.21429
7.95000,1.50000,9.70000,47.50000,8.29284
